{
    "host": "gtirouter.dsic.upv.es",
    "manager": "cmanagerj2",
    "manager_password": "secret",
    "service": "cservicej",
    "service_password": "secret",

    "axis": [
        {
            "rank": "BDISoldier",
            "name": "soldier_axis1_game1",
            "password": "secret",
            "asl": "pygomas/ASL/bdisoldier.asl",
            "amount": 5
        }

    ],
    "allied": [
        {
            "rank": "BDISoldier",
            "name": "soldier_allied1_game1",
            "password": "secret",
            "asl": "pygomas/ASL/bdisoldier.asl",
            "amount": 5
        }
    ]
}
