{
    "host": "localhost",
    "manager": "m",
    "manager_password": "secret",
    "service": "s",
    "service_password": "secret",
    "axis": [
		{
            "rank": "BDISoldier",
            "name": "SoldierAXIS",
            "password": "secret",
            "amount": 8,
            "asl": "soldierIDIAVAL.asl"
        },
        {
            "rank": "BDIMedic",
            "name": "MedicAXIS",
            "password": "secret",
            "asl": "medicIDIAVAL.asl"
        },
         {
            "rank": "BDIFieldOp",
            "name": "FieldopAXIS",
            "password": "secret",
            "asl": "fieldopIDIAVAL.asl"
        }
    ],
     "allied": [
        {
            "rank": "Captain.CaptainBDI",
            "name": "CaptainIDIAVAL",
            "password": "secret",
            "asl": "captainIDIAVAL.asl"
        },
		{
            "rank": "BDISoldier",
            "name": "SoldierIDIAVAL",
            "password": "secret",
            "amount": 7,
            "asl": "soldierIDIAVAL.asl"
        },
        {
            "rank": "BDIMedic",
            "name": "MedicIDIAVAL",
            "password": "secret",
            "asl": "medicIDIAVAL.asl"
        },
         {
            "rank": "BDIFieldOp",
            "name": "FieldopIDIAVAL",
            "password": "secret",
            "asl": "fieldopIDIAVAL.asl"
        }
   ]
  }